orderName;familyName;scientificName;redlistCategory
LAMNIFORMES;ALOPIIDAE;Alopias pelagicus;Endangered
LAMNIFORMES;ALOPIIDAE;Alopias superciliosus;Vulnerable
LAMNIFORMES;ALOPIIDAE;Alopias vulpinus;Vulnerable
ORECTOLOBIFORMES;BRACHAELURIDAE;Brachaelurus colcloughi;Vulnerable
ORECTOLOBIFORMES;BRACHAELURIDAE;Brachaelurus waddi;Least Concern
CHIMAERIFORMES;CALLORHINCHIDAE;Callorhinchus callorynchus;Vulnerable
CHIMAERIFORMES;CALLORHINCHIDAE;Callorhinchus capensis;Least Concern
CHIMAERIFORMES;CALLORHINCHIDAE;Callorhinchus milii;Least Concern
CARCHARHINIFORMES;CARCHARHINIDAE;Carcharhinus acronotus;Endangered
CARCHARHINIFORMES;CARCHARHINIDAE;Carcharhinus albimarginatus;Vulnerable
CARCHARHINIFORMES;CARCHARHINIDAE;Carcharhinus altimus;Near Threatened
CARCHARHINIFORMES;CARCHARHINIDAE;Carcharhinus amblyrhynchoides;Vulnerable
CARCHARHINIFORMES;CARCHARHINIDAE;Carcharhinus amblyrhynchos;Endangered
CARCHARHINIFORMES;CARCHARHINIDAE;Carcharhinus amboinensis;Vulnerable
CARCHARHINIFORMES;CARCHARHINIDAE;Carcharhinus borneensis;Critically Endangered
CARCHARHINIFORMES;CARCHARHINIDAE;Carcharhinus brachyurus;Vulnerable
CARCHARHINIFORMES;CARCHARHINIDAE;Carcharhinus brevipinna;Vulnerable
CARCHARHINIFORMES;CARCHARHINIDAE;Carcharhinus cautus;Least Concern
CARCHARHINIFORMES;CARCHARHINIDAE;Carcharhinus cerdale;Critically Endangered
CARCHARHINIFORMES;CARCHARHINIDAE;Carcharhinus coatesi;Least Concern
CARCHARHINIFORMES;CARCHARHINIDAE;Carcharhinus dussumieri;Endangered
CARCHARHINIFORMES;CARCHARHINIDAE;Carcharhinus falciformis;Vulnerable
CARCHARHINIFORMES;CARCHARHINIDAE;Carcharhinus fitzroyensis;Least Concern
CARCHARHINIFORMES;CARCHARHINIDAE;Carcharhinus galapagensis;Least Concern
CARCHARHINIFORMES;CARCHARHINIDAE;Carcharhinus hemiodon;Critically Endangered
CARCHARHINIFORMES;CARCHARHINIDAE;Carcharhinus humani;Data Deficient
CARCHARHINIFORMES;CARCHARHINIDAE;Carcharhinus isodon;Near Threatened
CARCHARHINIFORMES;CARCHARHINIDAE;Carcharhinus leiodon;Endangered
CARCHARHINIFORMES;CARCHARHINIDAE;Carcharhinus leucas;Vulnerable
CARCHARHINIFORMES;CARCHARHINIDAE;Carcharhinus limbatus;Vulnerable
CARCHARHINIFORMES;CARCHARHINIDAE;Carcharhinus longimanus;Critically Endangered
CARCHARHINIFORMES;CARCHARHINIDAE;Carcharhinus macloti;Near Threatened
CARCHARHINIFORMES;CARCHARHINIDAE;Carcharhinus melanopterus;Vulnerable
CARCHARHINIFORMES;CARCHARHINIDAE;Carcharhinus obscurus;Endangered
CARCHARHINIFORMES;CARCHARHINIDAE;Carcharhinus obsoletus;Critically Endangered
CARCHARHINIFORMES;CARCHARHINIDAE;Carcharhinus perezi;Endangered
CARCHARHINIFORMES;CARCHARHINIDAE;Carcharhinus plumbeus;Endangered
CARCHARHINIFORMES;CARCHARHINIDAE;Carcharhinus porosus;Critically Endangered
CARCHARHINIFORMES;CARCHARHINIDAE;Carcharhinus sealei;Vulnerable
CARCHARHINIFORMES;CARCHARHINIDAE;Carcharhinus signatus;Endangered
CARCHARHINIFORMES;CARCHARHINIDAE;Carcharhinus sorrah;Near Threatened
CARCHARHINIFORMES;CARCHARHINIDAE;Carcharhinus tilstoni;Least Concern
CARCHARHINIFORMES;CARCHARHINIDAE;Carcharhinus tjutjot;Vulnerable
CARCHARHINIFORMES;CARCHARHINIDAE;Galeocerdo cuvier;Near Threatened
CARCHARHINIFORMES;CARCHARHINIDAE;Glyphis gangeticus;Critically Endangered
CARCHARHINIFORMES;CARCHARHINIDAE;Glyphis garricki;Vulnerable
CARCHARHINIFORMES;CARCHARHINIDAE;Glyphis glyphis;Vulnerable
CARCHARHINIFORMES;CARCHARHINIDAE;Isogomphodon oxyrhynchus;Critically Endangered
CARCHARHINIFORMES;CARCHARHINIDAE;Lamiopsis temminckii;Endangered
CARCHARHINIFORMES;CARCHARHINIDAE;Lamiopsis tephrodes;Endangered
CARCHARHINIFORMES;CARCHARHINIDAE;Loxodon macrorhinus;Near Threatened
CARCHARHINIFORMES;CARCHARHINIDAE;Nasolamia velox;Endangered
CARCHARHINIFORMES;CARCHARHINIDAE;Negaprion acutidens;Endangered
CARCHARHINIFORMES;CARCHARHINIDAE;Negaprion brevirostris;Vulnerable
CARCHARHINIFORMES;CARCHARHINIDAE;Prionace glauca;Near Threatened
CARCHARHINIFORMES;CARCHARHINIDAE;Rhizoprionodon acutus;Vulnerable
CARCHARHINIFORMES;CARCHARHINIDAE;Rhizoprionodon lalandii;Vulnerable
CARCHARHINIFORMES;CARCHARHINIDAE;Rhizoprionodon longurio;Vulnerable
CARCHARHINIFORMES;CARCHARHINIDAE;Rhizoprionodon oligolinx;Near Threatened
CARCHARHINIFORMES;CARCHARHINIDAE;Rhizoprionodon porosus;Vulnerable
CARCHARHINIFORMES;CARCHARHINIDAE;Rhizoprionodon taylori;Least Concern
CARCHARHINIFORMES;CARCHARHINIDAE;Rhizoprionodon terraenovae;Least Concern
CARCHARHINIFORMES;CARCHARHINIDAE;Scoliodon laticaudus;Near Threatened
CARCHARHINIFORMES;CARCHARHINIDAE;Scoliodon macrorhynchos;Near Threatened
CARCHARHINIFORMES;CARCHARHINIDAE;Triaenodon obesus;Vulnerable
SQUALIFORMES;CENTROPHORIDAE;Centrophorus atromarginatus;Critically Endangered
SQUALIFORMES;CENTROPHORIDAE;Centrophorus granulosus;Endangered
SQUALIFORMES;CENTROPHORIDAE;Centrophorus harrissoni;Endangered
SQUALIFORMES;CENTROPHORIDAE;Centrophorus isodon;Endangered
SQUALIFORMES;CENTROPHORIDAE;Centrophorus lesliei;Endangered
SQUALIFORMES;CENTROPHORIDAE;Centrophorus longipinnis;Endangered
SQUALIFORMES;CENTROPHORIDAE;Centrophorus moluccensis;Vulnerable
SQUALIFORMES;CENTROPHORIDAE;Centrophorus seychellorum;Least Concern
SQUALIFORMES;CENTROPHORIDAE;Centrophorus squamosus;Endangered
SQUALIFORMES;CENTROPHORIDAE;Centrophorus tessellatus;Endangered
SQUALIFORMES;CENTROPHORIDAE;Centrophorus uyato;Endangered
SQUALIFORMES;CENTROPHORIDAE;Centrophorus westraliensis;Data Deficient
SQUALIFORMES;CENTROPHORIDAE;Deania calcea;Near Threatened
SQUALIFORMES;CENTROPHORIDAE;Deania profundorum;Near Threatened
SQUALIFORMES;CENTROPHORIDAE;Deania quadrispinosa;Vulnerable
LAMNIFORMES;CETORHINIDAE;Cetorhinus maximus;Endangered
CHIMAERIFORMES;CHIMAERIDAE;Chimaera argiloba;Least Concern
CHIMAERIFORMES;CHIMAERIDAE;Chimaera bahamaensis;Least Concern
CHIMAERIFORMES;CHIMAERIDAE;Chimaera buccanigella;Data Deficient
CHIMAERIFORMES;CHIMAERIDAE;Chimaera carophila;Least Concern
CHIMAERIFORMES;CHIMAERIDAE;Chimaera cubana;Least Concern
CHIMAERIFORMES;CHIMAERIDAE;Chimaera didierae;Data Deficient
CHIMAERIFORMES;CHIMAERIDAE;Chimaera fulva;Least Concern
CHIMAERIFORMES;CHIMAERIDAE;Chimaera jordani;Data Deficient
CHIMAERIFORMES;CHIMAERIDAE;Chimaera lignaria;Least Concern
CHIMAERIFORMES;CHIMAERIDAE;Chimaera macrospina;Least Concern
CHIMAERIFORMES;CHIMAERIDAE;Chimaera monstrosa;Vulnerable
CHIMAERIFORMES;CHIMAERIDAE;Chimaera notafricana;Least Concern
CHIMAERIFORMES;CHIMAERIDAE;Chimaera obscura;Least Concern
CHIMAERIFORMES;CHIMAERIDAE;Chimaera ogilbyi;Near Threatened
CHIMAERIFORMES;CHIMAERIDAE;Chimaera opalescens;Least Concern
CHIMAERIFORMES;CHIMAERIDAE;Chimaera orientalis;Data Deficient
CHIMAERIFORMES;CHIMAERIDAE;Chimaera owstoni;Data Deficient
CHIMAERIFORMES;CHIMAERIDAE;Chimaera panthera;Least Concern
CHIMAERIFORMES;CHIMAERIDAE;Chimaera phantasma;Vulnerable
CHIMAERIFORMES;CHIMAERIDAE;Chimaera willwatchi;Data Deficient
CHIMAERIFORMES;CHIMAERIDAE;Hydrolagus affinis;Least Concern
CHIMAERIFORMES;CHIMAERIDAE;Hydrolagus africanus;Least Concern
CHIMAERIFORMES;CHIMAERIDAE;Hydrolagus alberti;Least Concern
CHIMAERIFORMES;CHIMAERIDAE;Hydrolagus alphus;Least Concern
CHIMAERIFORMES;CHIMAERIDAE;Hydrolagus barbouri;Data Deficient
CHIMAERIFORMES;CHIMAERIDAE;Hydrolagus bemisi;Least Concern
CHIMAERIFORMES;CHIMAERIDAE;Hydrolagus colliei;Least Concern
CHIMAERIFORMES;CHIMAERIDAE;Hydrolagus erithacus;Data Deficient
CHIMAERIFORMES;CHIMAERIDAE;Hydrolagus homonycteris;Least Concern
CHIMAERIFORMES;CHIMAERIDAE;Hydrolagus lusitanicus;Least Concern
CHIMAERIFORMES;CHIMAERIDAE;Hydrolagus macrophthalmus;Least Concern
CHIMAERIFORMES;CHIMAERIDAE;Hydrolagus marmoratus;Least Concern
CHIMAERIFORMES;CHIMAERIDAE;Hydrolagus matallanasi;Vulnerable
CHIMAERIFORMES;CHIMAERIDAE;Hydrolagus mccoskeri;Least Concern
CHIMAERIFORMES;CHIMAERIDAE;Hydrolagus melanophasma;Least Concern
CHIMAERIFORMES;CHIMAERIDAE;Hydrolagus mirabilis;Least Concern
CHIMAERIFORMES;CHIMAERIDAE;Hydrolagus mitsukurii;Near Threatened
CHIMAERIFORMES;CHIMAERIDAE;Hydrolagus novaezealandiae;Least Concern
CHIMAERIFORMES;CHIMAERIDAE;Hydrolagus pallidus;Least Concern
CHIMAERIFORMES;CHIMAERIDAE;Hydrolagus purpurescens;Least Concern
CHIMAERIFORMES;CHIMAERIDAE;Hydrolagus trolli;Least Concern
HEXANCHIFORMES;CHLAMYDOSELACHIDAE;Chlamydoselachus africana;Least Concern
HEXANCHIFORMES;CHLAMYDOSELACHIDAE;Chlamydoselachus anguineus;Least Concern
SQUALIFORMES;DALATIIDAE;Dalatias licha;Vulnerable
SQUALIFORMES;DALATIIDAE;Euprotomicroides zantedeschia;Least Concern
SQUALIFORMES;DALATIIDAE;Euprotomicrus bispinatus;Least Concern
SQUALIFORMES;DALATIIDAE;Heteroscymnoides marleyi;Least Concern
SQUALIFORMES;DALATIIDAE;Isistius brasiliensis;Least Concern
SQUALIFORMES;DALATIIDAE;Isistius plutodus;Least Concern
SQUALIFORMES;DALATIIDAE;Mollisquama mississippiensis;Least Concern
SQUALIFORMES;DALATIIDAE;Mollisquama parini;Least Concern
SQUALIFORMES;DALATIIDAE;Squaliolus aliae;Least Concern
SQUALIFORMES;DALATIIDAE;Squaliolus laticaudus;Least Concern
SQUALIFORMES;ECHINORHINIDAE;Echinorhinus brucus;Endangered
SQUALIFORMES;ECHINORHINIDAE;Echinorhinus cookei;Data Deficient
SQUALIFORMES;ETMOPTERIDAE;Aculeola nigra;Near Threatened
SQUALIFORMES;ETMOPTERIDAE;Centroscyllium excelsum;Near Threatened
SQUALIFORMES;ETMOPTERIDAE;Centroscyllium fabricii;Least Concern
SQUALIFORMES;ETMOPTERIDAE;Centroscyllium granulatum;Vulnerable
SQUALIFORMES;ETMOPTERIDAE;Centroscyllium kamoharai;Least Concern
SQUALIFORMES;ETMOPTERIDAE;Centroscyllium nigrum;Least Concern
SQUALIFORMES;ETMOPTERIDAE;Centroscyllium ornatum;Least Concern
SQUALIFORMES;ETMOPTERIDAE;Centroscyllium ritteri;Least Concern
SQUALIFORMES;ETMOPTERIDAE;Etmopterus alphus;Least Concern
SQUALIFORMES;ETMOPTERIDAE;Etmopterus benchleyi;Least Concern
SQUALIFORMES;ETMOPTERIDAE;Etmopterus bigelowi;Least Concern
SQUALIFORMES;ETMOPTERIDAE;Etmopterus brachyurus;Data Deficient
SQUALIFORMES;ETMOPTERIDAE;Etmopterus bullisi;Least Concern
SQUALIFORMES;ETMOPTERIDAE;Etmopterus burgessi;Least Concern
SQUALIFORMES;ETMOPTERIDAE;Etmopterus carteri;Least Concern
SQUALIFORMES;ETMOPTERIDAE;Etmopterus caudistigmus;Least Concern
SQUALIFORMES;ETMOPTERIDAE;Etmopterus compagnoi;Least Concern
SQUALIFORMES;ETMOPTERIDAE;Etmopterus decacuspidatus;Least Concern
SQUALIFORMES;ETMOPTERIDAE;Etmopterus dianthus;Least Concern
SQUALIFORMES;ETMOPTERIDAE;Etmopterus dislineatus;Least Concern
SQUALIFORMES;ETMOPTERIDAE;Etmopterus evansi;Least Concern
SQUALIFORMES;ETMOPTERIDAE;Etmopterus fusus;Least Concern
SQUALIFORMES;ETMOPTERIDAE;Etmopterus gracilispinis;Least Concern
SQUALIFORMES;ETMOPTERIDAE;Etmopterus granulosus;Least Concern
SQUALIFORMES;ETMOPTERIDAE;Etmopterus hillianus;Least Concern
SQUALIFORMES;ETMOPTERIDAE;Etmopterus joungi;Least Concern
SQUALIFORMES;ETMOPTERIDAE;Etmopterus lailae;Data Deficient
SQUALIFORMES;ETMOPTERIDAE;Etmopterus litvinovi;Least Concern
SQUALIFORMES;ETMOPTERIDAE;Etmopterus lucifer;Least Concern
SQUALIFORMES;ETMOPTERIDAE;Etmopterus marshae;Least Concern
SQUALIFORMES;ETMOPTERIDAE;Etmopterus molleri;Data Deficient
SQUALIFORMES;ETMOPTERIDAE;Etmopterus perryi;Least Concern
SQUALIFORMES;ETMOPTERIDAE;Etmopterus polli;Least Concern
SQUALIFORMES;ETMOPTERIDAE;Etmopterus princeps;Least Concern
SQUALIFORMES;ETMOPTERIDAE;Etmopterus pseudosqualiolus;Least Concern
SQUALIFORMES;ETMOPTERIDAE;Etmopterus pusillus;Least Concern
SQUALIFORMES;ETMOPTERIDAE;Etmopterus pycnolepis;Least Concern
SQUALIFORMES;ETMOPTERIDAE;Etmopterus robinsi;Least Concern
SQUALIFORMES;ETMOPTERIDAE;Etmopterus samadiae;Least Concern
SQUALIFORMES;ETMOPTERIDAE;Etmopterus schultzi;Least Concern
SQUALIFORMES;ETMOPTERIDAE;Etmopterus sculptus;Least Concern
SQUALIFORMES;ETMOPTERIDAE;Etmopterus sentosus;Least Concern
SQUALIFORMES;ETMOPTERIDAE;Etmopterus sheikoi;Least Concern
SQUALIFORMES;ETMOPTERIDAE;Etmopterus spinax;Vulnerable
SQUALIFORMES;ETMOPTERIDAE;Etmopterus splendidus;Least Concern
SQUALIFORMES;ETMOPTERIDAE;Etmopterus unicolor;Data Deficient
SQUALIFORMES;ETMOPTERIDAE;Etmopterus viator;Least Concern
SQUALIFORMES;ETMOPTERIDAE;Etmopterus villosus;Least Concern
SQUALIFORMES;ETMOPTERIDAE;Etmopterus virens;Least Concern
SQUALIFORMES;ETMOPTERIDAE;Trigonognathus kabeyai;Least Concern
ORECTOLOBIFORMES;GINGLYMOSTOMATIDAE;Ginglymostoma cirratum;Vulnerable
ORECTOLOBIFORMES;GINGLYMOSTOMATIDAE;Ginglymostoma unami;Endangered
ORECTOLOBIFORMES;GINGLYMOSTOMATIDAE;Nebrius ferrugineus;Vulnerable
ORECTOLOBIFORMES;GINGLYMOSTOMATIDAE;Pseudoginglymostoma brevicaudatum;Critically Endangered
CARCHARHINIFORMES;HEMIGALEIDAE;Chaenogaleus macrostoma;Vulnerable
CARCHARHINIFORMES;HEMIGALEIDAE;Hemigaleus australiensis;Least Concern
CARCHARHINIFORMES;HEMIGALEIDAE;Hemigaleus microstoma;Vulnerable
CARCHARHINIFORMES;HEMIGALEIDAE;Hemipristis elongata;Vulnerable
CARCHARHINIFORMES;HEMIGALEIDAE;Paragaleus leucolomatus;Vulnerable
CARCHARHINIFORMES;HEMIGALEIDAE;Paragaleus pectoralis;Endangered
CARCHARHINIFORMES;HEMIGALEIDAE;Paragaleus randalli;Vulnerable
CARCHARHINIFORMES;HEMIGALEIDAE;Paragaleus tengi;Endangered
ORECTOLOBIFORMES;HEMISCYLLIIDAE;Chiloscyllium arabicum;Near Threatened
ORECTOLOBIFORMES;HEMISCYLLIIDAE;Chiloscyllium burmensis;Vulnerable
ORECTOLOBIFORMES;HEMISCYLLIIDAE;Chiloscyllium caeruleopunctatum;Data Deficient
ORECTOLOBIFORMES;HEMISCYLLIIDAE;Chiloscyllium griseum;Vulnerable
ORECTOLOBIFORMES;HEMISCYLLIIDAE;Chiloscyllium hasselti;Endangered
ORECTOLOBIFORMES;HEMISCYLLIIDAE;Chiloscyllium indicum;Vulnerable
ORECTOLOBIFORMES;HEMISCYLLIIDAE;Chiloscyllium plagiosum;Near Threatened
ORECTOLOBIFORMES;HEMISCYLLIIDAE;Chiloscyllium punctatum;Near Threatened
ORECTOLOBIFORMES;HEMISCYLLIIDAE;Hemiscyllium freycineti;Near Threatened
ORECTOLOBIFORMES;HEMISCYLLIIDAE;Hemiscyllium galei;Vulnerable
ORECTOLOBIFORMES;HEMISCYLLIIDAE;Hemiscyllium hallstromi;Vulnerable
ORECTOLOBIFORMES;HEMISCYLLIIDAE;Hemiscyllium halmahera;Near Threatened
ORECTOLOBIFORMES;HEMISCYLLIIDAE;Hemiscyllium henryi;Vulnerable
ORECTOLOBIFORMES;HEMISCYLLIIDAE;Hemiscyllium michaeli;Vulnerable
ORECTOLOBIFORMES;HEMISCYLLIIDAE;Hemiscyllium ocellatum;Least Concern
ORECTOLOBIFORMES;HEMISCYLLIIDAE;Hemiscyllium strahani;Vulnerable
ORECTOLOBIFORMES;HEMISCYLLIIDAE;Hemiscyllium trispeculare;Least Concern
HETERODONTIFORMES;HETERODONTIDAE;Heterodontus francisci;Data Deficient
HETERODONTIFORMES;HETERODONTIDAE;Heterodontus galeatus;Least Concern
HETERODONTIFORMES;HETERODONTIDAE;Heterodontus japonicus;Least Concern
HETERODONTIFORMES;HETERODONTIDAE;Heterodontus mexicanus;Least Concern
HETERODONTIFORMES;HETERODONTIDAE;Heterodontus omanensis;Data Deficient
HETERODONTIFORMES;HETERODONTIDAE;Heterodontus portusjacksoni;Least Concern
HETERODONTIFORMES;HETERODONTIDAE;Heterodontus quoyi;Least Concern
HETERODONTIFORMES;HETERODONTIDAE;Heterodontus ramalheira;Data Deficient
HETERODONTIFORMES;HETERODONTIDAE;Heterodontus zebra;Least Concern
HEXANCHIFORMES;HEXANCHIDAE;Heptranchias perlo;Near Threatened
HEXANCHIFORMES;HEXANCHIDAE;Hexanchus griseus;Near Threatened
HEXANCHIFORMES;HEXANCHIDAE;Hexanchus nakamurai;Near Threatened
HEXANCHIFORMES;HEXANCHIDAE;Hexanchus vitulus;Least Concern
HEXANCHIFORMES;HEXANCHIDAE;Notorynchus cepedianus;Vulnerable
LAMNIFORMES;LAMNIDAE;Carcharodon carcharias;Vulnerable
LAMNIFORMES;LAMNIDAE;Isurus oxyrinchus;Endangered
LAMNIFORMES;LAMNIDAE;Isurus paucus;Endangered
LAMNIFORMES;LAMNIDAE;Lamna ditropis;Least Concern
LAMNIFORMES;LAMNIDAE;Lamna nasus;Vulnerable
CARCHARHINIFORMES;LEPTOCHARIIDAE;Leptocharias smithii;Vulnerable
LAMNIFORMES;MEGACHASMIDAE;Megachasma pelagios;Least Concern
LAMNIFORMES;MITSUKURINIDAE;Mitsukurina owstoni;Least Concern
LAMNIFORMES;ODONTASPIDIDAE;Carcharias taurus;Critically Endangered
LAMNIFORMES;ODONTASPIDIDAE;Odontaspis ferox;Vulnerable
LAMNIFORMES;ODONTASPIDIDAE;Odontaspis noronhai;Least Concern
ORECTOLOBIFORMES;ORECTOLOBIDAE;Eucrossorhinus dasypogon;Least Concern
ORECTOLOBIFORMES;ORECTOLOBIDAE;Orectolobus floridus;Least Concern
ORECTOLOBIFORMES;ORECTOLOBIDAE;Orectolobus halei;Least Concern
ORECTOLOBIFORMES;ORECTOLOBIDAE;Orectolobus hutchinsi;Least Concern
ORECTOLOBIFORMES;ORECTOLOBIDAE;Orectolobus japonicus;Least Concern
ORECTOLOBIFORMES;ORECTOLOBIDAE;Orectolobus leptolineatus;Near Threatened
ORECTOLOBIFORMES;ORECTOLOBIDAE;Orectolobus maculatus;Least Concern
ORECTOLOBIFORMES;ORECTOLOBIDAE;Orectolobus ornatus;Least Concern
ORECTOLOBIFORMES;ORECTOLOBIDAE;Orectolobus parvimaculatus;Least Concern
ORECTOLOBIFORMES;ORECTOLOBIDAE;Orectolobus reticulatus;Data Deficient
ORECTOLOBIFORMES;ORECTOLOBIDAE;Orectolobus wardi;Least Concern
ORECTOLOBIFORMES;ORECTOLOBIDAE;Sutorectus tentaculatus;Least Concern
SQUALIFORMES;OXYNOTIDAE;Oxynotus bruniensis;Near Threatened
SQUALIFORMES;OXYNOTIDAE;Oxynotus caribbaeus;Least Concern
SQUALIFORMES;OXYNOTIDAE;Oxynotus centrina;Endangered
SQUALIFORMES;OXYNOTIDAE;Oxynotus japonicus;Vulnerable
SQUALIFORMES;OXYNOTIDAE;Oxynotus paradoxus;Vulnerable
ORECTOLOBIFORMES;PARASCYLLIIDAE;Cirrhoscyllium expolitum;Data Deficient
ORECTOLOBIFORMES;PARASCYLLIIDAE;Cirrhoscyllium formosanum;Vulnerable
ORECTOLOBIFORMES;PARASCYLLIIDAE;Cirrhoscyllium japonicum;Least Concern
ORECTOLOBIFORMES;PARASCYLLIIDAE;Parascyllium collare;Least Concern
ORECTOLOBIFORMES;PARASCYLLIIDAE;Parascyllium elongatum;Data Deficient
ORECTOLOBIFORMES;PARASCYLLIIDAE;Parascyllium ferrugineum;Least Concern
ORECTOLOBIFORMES;PARASCYLLIIDAE;Parascyllium sparsimaculatum;Data Deficient
ORECTOLOBIFORMES;PARASCYLLIIDAE;Parascyllium variolatum;Least Concern
CARCHARHINIFORMES;PENTANCHIDAE;Apristurus albisoma;Least Concern
CARCHARHINIFORMES;PENTANCHIDAE;Apristurus ampliceps;Least Concern
CARCHARHINIFORMES;PENTANCHIDAE;Apristurus aphyodes;Least Concern
CARCHARHINIFORMES;PENTANCHIDAE;Apristurus australis;Least Concern
CARCHARHINIFORMES;PENTANCHIDAE;Apristurus breviventralis;Least Concern
CARCHARHINIFORMES;PENTANCHIDAE;Apristurus brunneus;Data Deficient
CARCHARHINIFORMES;PENTANCHIDAE;Apristurus bucephalus;Data Deficient
CARCHARHINIFORMES;PENTANCHIDAE;Apristurus canutus;Least Concern
CARCHARHINIFORMES;PENTANCHIDAE;Apristurus exsanguis;Least Concern
CARCHARHINIFORMES;PENTANCHIDAE;Apristurus fedorovi;Least Concern
CARCHARHINIFORMES;PENTANCHIDAE;Apristurus garricki;Least Concern
CARCHARHINIFORMES;PENTANCHIDAE;Apristurus gibbosus;Least Concern
CARCHARHINIFORMES;PENTANCHIDAE;Apristurus herklotsi;Least Concern
CARCHARHINIFORMES;PENTANCHIDAE;Apristurus indicus;Least Concern
CARCHARHINIFORMES;PENTANCHIDAE;Apristurus internatus;Least Concern
CARCHARHINIFORMES;PENTANCHIDAE;Apristurus investigatoris;Least Concern
CARCHARHINIFORMES;PENTANCHIDAE;Apristurus japonicus;Least Concern
CARCHARHINIFORMES;PENTANCHIDAE;Apristurus kampae;Data Deficient
CARCHARHINIFORMES;PENTANCHIDAE;Apristurus laurussonii;Least Concern
CARCHARHINIFORMES;PENTANCHIDAE;Apristurus longicephalus;Least Concern
CARCHARHINIFORMES;PENTANCHIDAE;Apristurus macrorhynchus;Least Concern
CARCHARHINIFORMES;PENTANCHIDAE;Apristurus macrostomus;Least Concern
CARCHARHINIFORMES;PENTANCHIDAE;Apristurus manis;Least Concern
CARCHARHINIFORMES;PENTANCHIDAE;Apristurus melanoasper;Least Concern
CARCHARHINIFORMES;PENTANCHIDAE;Apristurus microps;Least Concern
CARCHARHINIFORMES;PENTANCHIDAE;Apristurus micropterygeus;Least Concern
CARCHARHINIFORMES;PENTANCHIDAE;Apristurus nakayai;Least Concern
CARCHARHINIFORMES;PENTANCHIDAE;Apristurus nasutus;Least Concern
CARCHARHINIFORMES;PENTANCHIDAE;Apristurus parvipinnis;Least Concern
CARCHARHINIFORMES;PENTANCHIDAE;Apristurus pinguis;Least Concern
CARCHARHINIFORMES;PENTANCHIDAE;Apristurus platyrhynchus;Least Concern
CARCHARHINIFORMES;PENTANCHIDAE;Apristurus profundorum;Least Concern
CARCHARHINIFORMES;PENTANCHIDAE;Apristurus riveri;Least Concern
CARCHARHINIFORMES;PENTANCHIDAE;Apristurus saldanha;Least Concern
CARCHARHINIFORMES;PENTANCHIDAE;Apristurus sibogae;Least Concern
CARCHARHINIFORMES;PENTANCHIDAE;Apristurus sinensis;Data Deficient
CARCHARHINIFORMES;PENTANCHIDAE;Apristurus spongiceps;Data Deficient
CARCHARHINIFORMES;PENTANCHIDAE;Apristurus stenseni;Least Concern
CARCHARHINIFORMES;PENTANCHIDAE;Apristurus yangi;Least Concern
CARCHARHINIFORMES;PENTANCHIDAE;Asymbolus analis;Least Concern
CARCHARHINIFORMES;PENTANCHIDAE;Asymbolus funebris;Data Deficient
CARCHARHINIFORMES;PENTANCHIDAE;Asymbolus galacticus;Least Concern
CARCHARHINIFORMES;PENTANCHIDAE;Asymbolus occiduus;Least Concern
CARCHARHINIFORMES;PENTANCHIDAE;Asymbolus pallidus;Least Concern
CARCHARHINIFORMES;PENTANCHIDAE;Asymbolus parvus;Least Concern
CARCHARHINIFORMES;PENTANCHIDAE;Asymbolus rubiginosus;Least Concern
CARCHARHINIFORMES;PENTANCHIDAE;Asymbolus submaculatus;Least Concern
CARCHARHINIFORMES;PENTANCHIDAE;Asymbolus vincenti;Least Concern
CARCHARHINIFORMES;PENTANCHIDAE;Bythaelurus alcockii;Data Deficient
CARCHARHINIFORMES;PENTANCHIDAE;Bythaelurus bachi;Data Deficient
CARCHARHINIFORMES;PENTANCHIDAE;Bythaelurus canescens;Vulnerable
CARCHARHINIFORMES;PENTANCHIDAE;Bythaelurus clevai;Data Deficient
CARCHARHINIFORMES;PENTANCHIDAE;Bythaelurus dawsoni;Least Concern
CARCHARHINIFORMES;PENTANCHIDAE;Bythaelurus giddingsi;Least Concern
CARCHARHINIFORMES;PENTANCHIDAE;Bythaelurus hispidus;Near Threatened
CARCHARHINIFORMES;PENTANCHIDAE;Bythaelurus immaculatus;Least Concern
CARCHARHINIFORMES;PENTANCHIDAE;Bythaelurus incanus;Data Deficient
CARCHARHINIFORMES;PENTANCHIDAE;Bythaelurus lutarius;Data Deficient
CARCHARHINIFORMES;PENTANCHIDAE;Bythaelurus naylori;Data Deficient
CARCHARHINIFORMES;PENTANCHIDAE;Bythaelurus stewarti;Data Deficient
CARCHARHINIFORMES;PENTANCHIDAE;Bythaelurus tenuicephalus;Least Concern
CARCHARHINIFORMES;PENTANCHIDAE;Bythaelurus vivaldii;Data Deficient
CARCHARHINIFORMES;PENTANCHIDAE;Cephalurus cephalus;Least Concern
CARCHARHINIFORMES;PENTANCHIDAE;Figaro boardmani;Least Concern
CARCHARHINIFORMES;PENTANCHIDAE;Figaro striatus;Data Deficient
CARCHARHINIFORMES;PENTANCHIDAE;Galeus antillensis;Least Concern
CARCHARHINIFORMES;PENTANCHIDAE;Galeus arae;Least Concern
CARCHARHINIFORMES;PENTANCHIDAE;Galeus atlanticus;Near Threatened
CARCHARHINIFORMES;PENTANCHIDAE;Galeus cadenati;Least Concern
CARCHARHINIFORMES;PENTANCHIDAE;Galeus corriganae;Least Concern
CARCHARHINIFORMES;PENTANCHIDAE;Galeus eastmani;Least Concern
CARCHARHINIFORMES;PENTANCHIDAE;Galeus gracilis;Data Deficient
CARCHARHINIFORMES;PENTANCHIDAE;Galeus longirostris;Least Concern
CARCHARHINIFORMES;PENTANCHIDAE;Galeus melastomus;Least Concern
CARCHARHINIFORMES;PENTANCHIDAE;Galeus mincaronei;Vulnerable
CARCHARHINIFORMES;PENTANCHIDAE;Galeus murinus;Least Concern
CARCHARHINIFORMES;PENTANCHIDAE;Galeus nipponensis;Least Concern
CARCHARHINIFORMES;PENTANCHIDAE;Galeus piperatus;Least Concern
CARCHARHINIFORMES;PENTANCHIDAE;Galeus polli;Vulnerable
CARCHARHINIFORMES;PENTANCHIDAE;Galeus priapus;Least Concern
CARCHARHINIFORMES;PENTANCHIDAE;Galeus sauteri;Least Concern
CARCHARHINIFORMES;PENTANCHIDAE;Galeus schultzi;Least Concern
CARCHARHINIFORMES;PENTANCHIDAE;Galeus springeri;Least Concern
CARCHARHINIFORMES;PENTANCHIDAE;Halaelurus boesemani;Vulnerable
CARCHARHINIFORMES;PENTANCHIDAE;Halaelurus buergeri;Endangered
CARCHARHINIFORMES;PENTANCHIDAE;Halaelurus lineatus;Least Concern
CARCHARHINIFORMES;PENTANCHIDAE;Halaelurus maculosus;Near Threatened
CARCHARHINIFORMES;PENTANCHIDAE;Halaelurus natalensis;Vulnerable
CARCHARHINIFORMES;PENTANCHIDAE;Halaelurus quagga;Data Deficient
CARCHARHINIFORMES;PENTANCHIDAE;Halaelurus sellus;Least Concern
CARCHARHINIFORMES;PENTANCHIDAE;Haploblepharus edwardsii;Endangered
CARCHARHINIFORMES;PENTANCHIDAE;Haploblepharus fuscus;Vulnerable
CARCHARHINIFORMES;PENTANCHIDAE;Haploblepharus kistnasamyi;Vulnerable
CARCHARHINIFORMES;PENTANCHIDAE;Haploblepharus pictus;Least Concern
CARCHARHINIFORMES;PENTANCHIDAE;Holohalaelurus favus;Endangered
CARCHARHINIFORMES;PENTANCHIDAE;Holohalaelurus grennian;Data Deficient
CARCHARHINIFORMES;PENTANCHIDAE;Holohalaelurus melanostigma;Least Concern
CARCHARHINIFORMES;PENTANCHIDAE;Holohalaelurus punctatus;Endangered
CARCHARHINIFORMES;PENTANCHIDAE;Holohalaelurus regani;Least Concern
CARCHARHINIFORMES;PENTANCHIDAE;Parmaturus albimarginatus;Least Concern
CARCHARHINIFORMES;PENTANCHIDAE;Parmaturus albipenis;Least Concern
CARCHARHINIFORMES;PENTANCHIDAE;Parmaturus angelae;Vulnerable
CARCHARHINIFORMES;PENTANCHIDAE;Parmaturus bigus;Data Deficient
CARCHARHINIFORMES;PENTANCHIDAE;Parmaturus campechiensis;Least Concern
CARCHARHINIFORMES;PENTANCHIDAE;Parmaturus lanatus;Least Concern
CARCHARHINIFORMES;PENTANCHIDAE;Parmaturus macmillani;Data Deficient
CARCHARHINIFORMES;PENTANCHIDAE;Parmaturus melanobranchus;Least Concern
CARCHARHINIFORMES;PENTANCHIDAE;Parmaturus nigripalatum;Data Deficient
CARCHARHINIFORMES;PENTANCHIDAE;Parmaturus pilosus;Least Concern
CARCHARHINIFORMES;PENTANCHIDAE;Parmaturus xaniurus;Least Concern
CARCHARHINIFORMES;PENTANCHIDAE;Pentanchus profundicolus;Least Concern
PRISTIOPHORIFORMES;PRISTIOPHORIDAE;Pliotrema annae;Data Deficient
PRISTIOPHORIFORMES;PRISTIOPHORIDAE;Pliotrema kajae;Data Deficient
PRISTIOPHORIFORMES;PRISTIOPHORIDAE;Pliotrema warreni;Least Concern
PRISTIOPHORIFORMES;PRISTIOPHORIDAE;Pristiophorus cirratus;Least Concern
PRISTIOPHORIFORMES;PRISTIOPHORIDAE;Pristiophorus delicatus;Least Concern
PRISTIOPHORIFORMES;PRISTIOPHORIDAE;Pristiophorus japonicus;Least Concern
PRISTIOPHORIFORMES;PRISTIOPHORIDAE;Pristiophorus lanae;Near Threatened
PRISTIOPHORIFORMES;PRISTIOPHORIDAE;Pristiophorus nancyae;Least Concern
PRISTIOPHORIFORMES;PRISTIOPHORIDAE;Pristiophorus nudipinnis;Least Concern
PRISTIOPHORIFORMES;PRISTIOPHORIDAE;Pristiophorus schroederi;Least Concern
CARCHARHINIFORMES;PROSCYLLIIDAE;Ctenacis fehlmanni;Least Concern
CARCHARHINIFORMES;PROSCYLLIIDAE;Eridacnis barbouri;Least Concern
CARCHARHINIFORMES;PROSCYLLIIDAE;Eridacnis radcliffei;Least Concern
CARCHARHINIFORMES;PROSCYLLIIDAE;Eridacnis sinuans;Least Concern
CARCHARHINIFORMES;PROSCYLLIIDAE;Proscyllium habereri;Vulnerable
CARCHARHINIFORMES;PROSCYLLIIDAE;Proscyllium magnificum;Near Threatened
LAMNIFORMES;PSEUDOCARCHARIIDAE;Pseudocarcharias kamoharai;Least Concern
CARCHARHINIFORMES;PSEUDOTRIAKIDAE;Gollum attenuatus;Least Concern
CARCHARHINIFORMES;PSEUDOTRIAKIDAE;Gollum suluensis;Least Concern
CARCHARHINIFORMES;PSEUDOTRIAKIDAE;Planonasus indicus;Data Deficient
CARCHARHINIFORMES;PSEUDOTRIAKIDAE;Planonasus parini;Least Concern
CARCHARHINIFORMES;PSEUDOTRIAKIDAE;Pseudotriakis microdon;Least Concern
ORECTOLOBIFORMES;RHINCODONTIDAE;Rhincodon typus;Endangered
CHIMAERIFORMES;RHINOCHIMAERIDAE;Harriotta haeckeli;Least Concern
CHIMAERIFORMES;RHINOCHIMAERIDAE;Harriotta raleighana;Least Concern
CHIMAERIFORMES;RHINOCHIMAERIDAE;Neoharriotta carri;Near Threatened
CHIMAERIFORMES;RHINOCHIMAERIDAE;Neoharriotta pinnata;Near Threatened
CHIMAERIFORMES;RHINOCHIMAERIDAE;Neoharriotta pumila;Least Concern
CHIMAERIFORMES;RHINOCHIMAERIDAE;Rhinochimaera africana;Data Deficient
CHIMAERIFORMES;RHINOCHIMAERIDAE;Rhinochimaera atlantica;Least Concern
CHIMAERIFORMES;RHINOCHIMAERIDAE;Rhinochimaera pacifica;Least Concern
CARCHARHINIFORMES;SCYLIORHINIDAE;Akheilos suwartanai;Data Deficient
CARCHARHINIFORMES;SCYLIORHINIDAE;Atelomycterus baliensis;Least Concern
CARCHARHINIFORMES;SCYLIORHINIDAE;Atelomycterus erdmanni;Least Concern
CARCHARHINIFORMES;SCYLIORHINIDAE;Atelomycterus fasciatus;Least Concern
CARCHARHINIFORMES;SCYLIORHINIDAE;Atelomycterus macleayi;Least Concern
CARCHARHINIFORMES;SCYLIORHINIDAE;Atelomycterus marmoratus;Near Threatened
CARCHARHINIFORMES;SCYLIORHINIDAE;Atelomycterus marnkalha;Data Deficient
CARCHARHINIFORMES;SCYLIORHINIDAE;Aulohalaelurus kanakorum;Data Deficient
CARCHARHINIFORMES;SCYLIORHINIDAE;Aulohalaelurus labiosus;Least Concern
CARCHARHINIFORMES;SCYLIORHINIDAE;Cephaloscyllium albipinnum;Critically Endangered
CARCHARHINIFORMES;SCYLIORHINIDAE;Cephaloscyllium cooki;Data Deficient
CARCHARHINIFORMES;SCYLIORHINIDAE;Cephaloscyllium fasciatum;Critically Endangered
CARCHARHINIFORMES;SCYLIORHINIDAE;Cephaloscyllium formosanum;Least Concern
CARCHARHINIFORMES;SCYLIORHINIDAE;Cephaloscyllium hiscosellum;Least Concern
CARCHARHINIFORMES;SCYLIORHINIDAE;Cephaloscyllium isabellum;Least Concern
CARCHARHINIFORMES;SCYLIORHINIDAE;Cephaloscyllium laticeps;Least Concern
CARCHARHINIFORMES;SCYLIORHINIDAE;Cephaloscyllium pictum;Data Deficient
CARCHARHINIFORMES;SCYLIORHINIDAE;Cephaloscyllium sarawakensis;Critically Endangered
CARCHARHINIFORMES;SCYLIORHINIDAE;Cephaloscyllium signourum;Data Deficient
CARCHARHINIFORMES;SCYLIORHINIDAE;Cephaloscyllium silasi;Critically Endangered
CARCHARHINIFORMES;SCYLIORHINIDAE;Cephaloscyllium speccum;Data Deficient
CARCHARHINIFORMES;SCYLIORHINIDAE;Cephaloscyllium stevensi;Least Concern
CARCHARHINIFORMES;SCYLIORHINIDAE;Cephaloscyllium sufflans;Near Threatened
CARCHARHINIFORMES;SCYLIORHINIDAE;Cephaloscyllium umbratile;Near Threatened
CARCHARHINIFORMES;SCYLIORHINIDAE;Cephaloscyllium variegatum;Near Threatened
CARCHARHINIFORMES;SCYLIORHINIDAE;Cephaloscyllium ventriosum;Least Concern
CARCHARHINIFORMES;SCYLIORHINIDAE;Cephaloscyllium zebrum;Data Deficient
CARCHARHINIFORMES;SCYLIORHINIDAE;Poroderma africanum;Least Concern
CARCHARHINIFORMES;SCYLIORHINIDAE;Poroderma pantherinum;Least Concern
CARCHARHINIFORMES;SCYLIORHINIDAE;Schroederichthys bivius;Least Concern
CARCHARHINIFORMES;SCYLIORHINIDAE;Schroederichthys chilensis;Least Concern
CARCHARHINIFORMES;SCYLIORHINIDAE;Schroederichthys maculatus;Least Concern
CARCHARHINIFORMES;SCYLIORHINIDAE;Schroederichthys saurisqualus;Vulnerable
CARCHARHINIFORMES;SCYLIORHINIDAE;Schroederichthys tenuis;Least Concern
CARCHARHINIFORMES;SCYLIORHINIDAE;Scyliorhinus boa;Least Concern
CARCHARHINIFORMES;SCYLIORHINIDAE;Scyliorhinus cabofriensis;Least Concern
CARCHARHINIFORMES;SCYLIORHINIDAE;Scyliorhinus canicula;Least Concern
CARCHARHINIFORMES;SCYLIORHINIDAE;Scyliorhinus capensis;Near Threatened
CARCHARHINIFORMES;SCYLIORHINIDAE;Scyliorhinus cervigoni;Data Deficient
CARCHARHINIFORMES;SCYLIORHINIDAE;Scyliorhinus comoroensis;Data Deficient
CARCHARHINIFORMES;SCYLIORHINIDAE;Scyliorhinus garmani;Data Deficient
CARCHARHINIFORMES;SCYLIORHINIDAE;Scyliorhinus haeckelii;Data Deficient
CARCHARHINIFORMES;SCYLIORHINIDAE;Scyliorhinus hesperius;Least Concern
CARCHARHINIFORMES;SCYLIORHINIDAE;Scyliorhinus meadi;Least Concern
CARCHARHINIFORMES;SCYLIORHINIDAE;Scyliorhinus retifer;Least Concern
CARCHARHINIFORMES;SCYLIORHINIDAE;Scyliorhinus stellaris;Vulnerable
CARCHARHINIFORMES;SCYLIORHINIDAE;Scyliorhinus torazame;Least Concern
CARCHARHINIFORMES;SCYLIORHINIDAE;Scyliorhinus torrei;Least Concern
CARCHARHINIFORMES;SCYLIORHINIDAE;Scyliorhinus ugoi;Least Concern
SQUALIFORMES;SOMNIOSIDAE;Centroscymnus coelolepis;Near Threatened
SQUALIFORMES;SOMNIOSIDAE;Centroscymnus macracanthus;Data Deficient
SQUALIFORMES;SOMNIOSIDAE;Centroscymnus owstonii;Vulnerable
SQUALIFORMES;SOMNIOSIDAE;Centroselachus crepidater;Near Threatened
SQUALIFORMES;SOMNIOSIDAE;Scymnodalatias albicauda;Data Deficient
SQUALIFORMES;SOMNIOSIDAE;Scymnodalatias garricki;Data Deficient
SQUALIFORMES;SOMNIOSIDAE;Scymnodalatias oligodon;Least Concern
SQUALIFORMES;SOMNIOSIDAE;Scymnodalatias sherwoodi;Data Deficient
SQUALIFORMES;SOMNIOSIDAE;Scymnodon ichiharai;Vulnerable
SQUALIFORMES;SOMNIOSIDAE;Scymnodon plunketi;Vulnerable
SQUALIFORMES;SOMNIOSIDAE;Scymnodon ringens;Vulnerable
SQUALIFORMES;SOMNIOSIDAE;Somniosus antarcticus;Least Concern
SQUALIFORMES;SOMNIOSIDAE;Somniosus longus;Data Deficient
SQUALIFORMES;SOMNIOSIDAE;Somniosus microcephalus;Vulnerable
SQUALIFORMES;SOMNIOSIDAE;Somniosus pacificus;Near Threatened
SQUALIFORMES;SOMNIOSIDAE;Somniosus rostratus;Least Concern
SQUALIFORMES;SOMNIOSIDAE;Zameus squamulosus;Least Concern
CARCHARHINIFORMES;SPHYRNIDAE;Eusphyra blochii;Endangered
CARCHARHINIFORMES;SPHYRNIDAE;Sphyrna corona;Critically Endangered
CARCHARHINIFORMES;SPHYRNIDAE;Sphyrna gilberti;Data Deficient
CARCHARHINIFORMES;SPHYRNIDAE;Sphyrna lewini;Critically Endangered
CARCHARHINIFORMES;SPHYRNIDAE;Sphyrna media;Critically Endangered
CARCHARHINIFORMES;SPHYRNIDAE;Sphyrna mokarran;Critically Endangered
CARCHARHINIFORMES;SPHYRNIDAE;Sphyrna tiburo;Endangered
CARCHARHINIFORMES;SPHYRNIDAE;Sphyrna tudes;Critically Endangered
CARCHARHINIFORMES;SPHYRNIDAE;Sphyrna zygaena;Vulnerable
SQUALIFORMES;SQUALIDAE;Cirrhigaleus asper;Data Deficient
SQUALIFORMES;SQUALIDAE;Cirrhigaleus australis;Data Deficient
SQUALIFORMES;SQUALIDAE;Cirrhigaleus barbifer;Least Concern
SQUALIFORMES;SQUALIDAE;Squalus acanthias;Vulnerable
SQUALIFORMES;SQUALIDAE;Squalus acutipinnis;Near Threatened
SQUALIFORMES;SQUALIDAE;Squalus albicaudus;Data Deficient
SQUALIFORMES;SQUALIDAE;Squalus albifrons;Least Concern
SQUALIFORMES;SQUALIDAE;Squalus altipinnis;Data Deficient
SQUALIFORMES;SQUALIDAE;Squalus bahiensis;Data Deficient
SQUALIFORMES;SQUALIDAE;Squalus bassi;Least Concern
SQUALIFORMES;SQUALIDAE;Squalus blainville;Data Deficient
SQUALIFORMES;SQUALIDAE;Squalus boretzi;Near Threatened
SQUALIFORMES;SQUALIDAE;Squalus brevirostris;Endangered
SQUALIFORMES;SQUALIDAE;Squalus bucephalus;Data Deficient
SQUALIFORMES;SQUALIDAE;Squalus chloroculus;Endangered
SQUALIFORMES;SQUALIDAE;Squalus clarkae;Least Concern
SQUALIFORMES;SQUALIDAE;Squalus crassispinus;Least Concern
SQUALIFORMES;SQUALIDAE;Squalus cubensis;Least Concern
SQUALIFORMES;SQUALIDAE;Squalus edmundsi;Near Threatened
SQUALIFORMES;SQUALIDAE;Squalus formosus;Endangered
SQUALIFORMES;SQUALIDAE;Squalus grahami;Near Threatened
SQUALIFORMES;SQUALIDAE;Squalus griffini;Least Concern
SQUALIFORMES;SQUALIDAE;Squalus hawaiiensis;Least Concern
SQUALIFORMES;SQUALIDAE;Squalus hemipinnis;Vulnerable
SQUALIFORMES;SQUALIDAE;Squalus japonicus;Endangered
SQUALIFORMES;SQUALIDAE;Squalus lalannei;Least Concern
SQUALIFORMES;SQUALIDAE;Squalus lobularis;Data Deficient
SQUALIFORMES;SQUALIDAE;Squalus mahia;Data Deficient
SQUALIFORMES;SQUALIDAE;Squalus margaretsmithae;Least Concern
SQUALIFORMES;SQUALIDAE;Squalus megalops;Least Concern
SQUALIFORMES;SQUALIDAE;Squalus melanurus;Data Deficient
SQUALIFORMES;SQUALIDAE;Squalus mitsukurii;Endangered
SQUALIFORMES;SQUALIDAE;Squalus montalbani;Vulnerable
SQUALIFORMES;SQUALIDAE;Squalus nasutus;Near Threatened
SQUALIFORMES;SQUALIDAE;Squalus notocaudatus;Least Concern
SQUALIFORMES;SQUALIDAE;Squalus quasimodo;Data Deficient
SQUALIFORMES;SQUALIDAE;Squalus rancureli;Near Threatened
SQUALIFORMES;SQUALIDAE;Squalus raoulensis;Least Concern
SQUALIFORMES;SQUALIDAE;Squalus suckleyi;Least Concern
SQUATINIFORMES;SQUATINIDAE;Squatina aculeata;Critically Endangered
SQUATINIFORMES;SQUATINIDAE;Squatina africana;Near Threatened
SQUATINIFORMES;SQUATINIDAE;Squatina albipunctata;Vulnerable
SQUATINIFORMES;SQUATINIDAE;Squatina argentina;Critically Endangered
SQUATINIFORMES;SQUATINIDAE;Squatina armata;Critically Endangered
SQUATINIFORMES;SQUATINIDAE;Squatina australis;Least Concern
SQUATINIFORMES;SQUATINIDAE;Squatina caillieti;Data Deficient
SQUATINIFORMES;SQUATINIDAE;Squatina californica;Near Threatened
SQUATINIFORMES;SQUATINIDAE;Squatina david;Near Threatened
SQUATINIFORMES;SQUATINIDAE;Squatina dumeril;Least Concern
SQUATINIFORMES;SQUATINIDAE;Squatina formosa;Endangered
SQUATINIFORMES;SQUATINIDAE;Squatina guggenheim;Endangered
SQUATINIFORMES;SQUATINIDAE;Squatina japonica;Critically Endangered
SQUATINIFORMES;SQUATINIDAE;Squatina legnota;Critically Endangered
SQUATINIFORMES;SQUATINIDAE;Squatina nebulosa;Endangered
SQUATINIFORMES;SQUATINIDAE;Squatina occulta;Critically Endangered
SQUATINIFORMES;SQUATINIDAE;Squatina oculata;Critically Endangered
SQUATINIFORMES;SQUATINIDAE;Squatina pseudocellata;Least Concern
SQUATINIFORMES;SQUATINIDAE;Squatina squatina;Critically Endangered
SQUATINIFORMES;SQUATINIDAE;Squatina tergocellata;Least Concern
SQUATINIFORMES;SQUATINIDAE;Squatina tergocellatoides;Endangered
SQUATINIFORMES;SQUATINIDAE;Squatina varii;Least Concern
ORECTOLOBIFORMES;STEGOSTOMIDAE;Stegostoma tigrinum;Endangered
CARCHARHINIFORMES;TRIAKIDAE;Furgaleus macki;Least Concern
CARCHARHINIFORMES;TRIAKIDAE;Galeorhinus galeus;Critically Endangered
CARCHARHINIFORMES;TRIAKIDAE;Gogolia filewoodi;Data Deficient
CARCHARHINIFORMES;TRIAKIDAE;Hemitriakis abdita;Data Deficient
CARCHARHINIFORMES;TRIAKIDAE;Hemitriakis complicofasciata;Vulnerable
CARCHARHINIFORMES;TRIAKIDAE;Hemitriakis falcata;Least Concern
CARCHARHINIFORMES;TRIAKIDAE;Hemitriakis indroyonoi;Endangered
CARCHARHINIFORMES;TRIAKIDAE;Hemitriakis japanica;Endangered
CARCHARHINIFORMES;TRIAKIDAE;Hemitriakis leucoperiptera;Critically Endangered
CARCHARHINIFORMES;TRIAKIDAE;Hypogaleus hyugaensis;Least Concern
CARCHARHINIFORMES;TRIAKIDAE;Iago garricki;Least Concern
CARCHARHINIFORMES;TRIAKIDAE;Iago omanensis;Least Concern
CARCHARHINIFORMES;TRIAKIDAE;Mustelus albipinnis;Least Concern
CARCHARHINIFORMES;TRIAKIDAE;Mustelus antarcticus;Least Concern
CARCHARHINIFORMES;TRIAKIDAE;Mustelus asterias;Near Threatened
CARCHARHINIFORMES;TRIAKIDAE;Mustelus californicus;Least Concern
CARCHARHINIFORMES;TRIAKIDAE;Mustelus canis;Near Threatened
CARCHARHINIFORMES;TRIAKIDAE;Mustelus dorsalis;Vulnerable
CARCHARHINIFORMES;TRIAKIDAE;Mustelus fasciatus;Critically Endangered
CARCHARHINIFORMES;TRIAKIDAE;Mustelus griseus;Endangered
CARCHARHINIFORMES;TRIAKIDAE;Mustelus henlei;Least Concern
CARCHARHINIFORMES;TRIAKIDAE;Mustelus higmani;Endangered
CARCHARHINIFORMES;TRIAKIDAE;Mustelus lenticulatus;Least Concern
CARCHARHINIFORMES;TRIAKIDAE;Mustelus lunulatus;Least Concern
CARCHARHINIFORMES;TRIAKIDAE;Mustelus manazo;Endangered
CARCHARHINIFORMES;TRIAKIDAE;Mustelus mento;Critically Endangered
CARCHARHINIFORMES;TRIAKIDAE;Mustelus minicanis;Endangered
CARCHARHINIFORMES;TRIAKIDAE;Mustelus mosis;Near Threatened
CARCHARHINIFORMES;TRIAKIDAE;Mustelus mustelus;Endangered
CARCHARHINIFORMES;TRIAKIDAE;Mustelus norrisi;Near Threatened
CARCHARHINIFORMES;TRIAKIDAE;Mustelus palumbes;Least Concern
CARCHARHINIFORMES;TRIAKIDAE;Mustelus punctulatus;Vulnerable
CARCHARHINIFORMES;TRIAKIDAE;Mustelus ravidus;Least Concern
CARCHARHINIFORMES;TRIAKIDAE;Mustelus schmitti;Critically Endangered
CARCHARHINIFORMES;TRIAKIDAE;Mustelus sinusmexicanus;Least Concern
CARCHARHINIFORMES;TRIAKIDAE;Mustelus stevensi;Least Concern
CARCHARHINIFORMES;TRIAKIDAE;Mustelus walkeri;Data Deficient
CARCHARHINIFORMES;TRIAKIDAE;Mustelus whitneyi;Critically Endangered
CARCHARHINIFORMES;TRIAKIDAE;Mustelus widodoi;Vulnerable
CARCHARHINIFORMES;TRIAKIDAE;Scylliogaleus quecketti;Vulnerable
CARCHARHINIFORMES;TRIAKIDAE;Triakis acutipinna;Endangered
CARCHARHINIFORMES;TRIAKIDAE;Triakis maculata;Critically Endangered
CARCHARHINIFORMES;TRIAKIDAE;Triakis megalopterus;Least Concern
CARCHARHINIFORMES;TRIAKIDAE;Triakis scyllium;Endangered
CARCHARHINIFORMES;TRIAKIDAE;Triakis semifasciata;Least Concern